ds,y,yhat,store,item
2017-10-03,18,20.92186256094292,1,1
2017-10-04,15,21.63890041422498,1,1
2017-10-05,20,22.228999571309775,1,1
2017-10-06,19,23.988375457469616,1,1
2017-10-07,22,25.7537306931562,1,1
2017-10-08,19,26.575743902032098,1,1
2017-10-09,9,18.38839525777837,1,1
2017-10-10,23,21.026171068918195,1,1
2017-10-11,14,21.692839293260516,1,1
2017-10-12,24,22.223509189262973,1,1
2017-10-13,23,23.91687133392801,1,1
2017-10-14,26,25.612372459365517,1,1
2017-10-15,28,26.363625130801452,1,1
2017-10-16,19,18.107647147172926,1,1
2017-10-17,17,20.68197530763346,1,1
2017-10-18,15,21.293347943938095,1,1
2017-10-19,26,21.77967202999914,1,1
2017-10-20,22,23.4421737272507,1,1
2017-10-21,26,25.122489397871533,1,1
2017-10-22,32,25.87599956792745,1,1
2017-10-23,20,17.641002989664347,1,1
2017-10-24,23,20.255777458335682,1,1
2017-10-25,22,20.927223480284226,1,1
2017-10-26,28,21.49280793497246,1,1
2017-10-27,20,23.25270751367339,1,1
2017-10-28,22,25.04690945422779,1,1
2017-10-29,29,25.92857208524268,1,1
2017-10-30,22,17.833241899163966,1,1
2017-10-31,24,20.595972924055005,1,1
2017-11-01,16,21.420043169874067,1,1
2017-11-02,21,22.138983565925074,1,1
2017-11-03,18,24.04881708423527,1,1
2017-11-04,34,25.985263171756515,1,1
2017-11-05,23,26.997207360573597,1,1
2017-11-06,17,19.016029953719613,1,1
2017-11-07,23,21.872836631284226,1,1
2017-11-08,14,22.76728280219024,1,1
2017-11-09,21,23.529704221507856,1,1
2017-11-10,19,25.453448804411575,1,1
2017-11-11,24,27.372162203051868,1,1
2017-11-12,27,28.33332473795598,1,1
2017-11-13,22,20.26763164487885,1,1
2017-11-14,16,23.00625794147091,1,1
2017-11-15,19,23.749698638789454,1,1
2017-11-16,22,24.329896190028617,1,1
2017-11-17,25,26.04254997259756,1,1
2017-11-18,31,27.724360734475603,1,1
2017-11-19,32,28.426508454035453,1,1
2017-11-20,21,20.083956905359386,1,1
2017-11-21,29,22.532628004678593,1,1
2017-11-22,27,22.97813883077701,1,1
2017-11-23,25,23.257815720252655,1,1
2017-11-24,22,24.672883018340848,1,1
2017-11-25,29,26.065582405216144,1,1
2017-11-26,24,26.49252436179859,1,1
2017-11-27,10,17.893868226726344,1,1
2017-11-28,14,20.110377041875594,1,1
2017-11-29,28,20.35204308080051,1,1
2017-11-30,15,20.460001263785525,1,1
2017-12-01,19,21.738630570260124,1,1
2017-12-02,16,23.03260155953172,1,1
2017-12-03,31,23.40017335848829,1,1
2017-12-04,7,14.782337918390768,1,1
2017-12-05,20,17.0198586108171,1,1
2017-12-06,17,17.321899427352037,1,1
2017-12-07,18,17.527961847800714,1,1
2017-12-08,17,18.940028842302954,1,1
2017-12-09,27,20.399672985073426,1,1
2017-12-10,20,20.96143044830771,1,1
2017-12-11,20,12.562036674146489,1,1
2017-12-12,13,15.037568429829271,1,1
2017-12-13,17,15.592185849164677,1,1
2017-12-14,14,16.060188637092153,1,1
2017-12-15,16,17.738282865327772,1,1
2017-12-16,15,19.462812230601084,1,1
2017-12-17,22,20.28325245001244,1,1
2017-12-18,19,12.131561592012616,1,1
2017-12-19,7,14.83942822020068,1,1
2017-12-20,16,15.607108370862928,1,1
2017-12-21,12,16.265563270387652,1,1
2017-12-22,6,18.108792318724678,1,1
2017-12-23,18,19.971113725383624,1,1
2017-12-24,19,20.900690439654092,1,1
2017-12-25,13,12.828893616243256,1,1
2017-12-26,16,15.587545422801288,1,1
2017-12-27,14,16.37773262342661,1,1
2017-12-28,19,17.031903725082927,1,1
2017-12-29,15,18.84614553500696,1,1
2017-12-30,27,20.65739323712209,1,1
2017-12-31,23,21.516873702151322,1,1
2017-10-03,55,59.49536105763566,5,10
2017-10-04,50,59.74718816758033,5,10
2017-10-05,64,63.09761694142481,5,10
2017-10-06,51,66.71898843425396,5,10
2017-10-07,69,69.57424979392606,5,10
2017-10-08,71,72.64270121234358,5,10
2017-10-09,48,50.11752671276975,5,10
2017-10-10,64,57.3156994634719,5,10
2017-10-11,64,57.62130902063812,5,10
2017-10-12,50,61.0505197736768,5,10
2017-10-13,64,64.77645301511006,5,10
2017-10-14,74,67.7624010528448,5,10
2017-10-15,62,70.98753268625127,5,10
2017-10-16,52,48.64439144130601,5,10
2017-10-17,58,56.048778545894464,5,10
2017-10-18,64,56.58306911648979,5,10
2017-10-19,59,60.26117163858098,5,10
2017-10-20,60,64.25342368764754,5,10
2017-10-21,82,67.51983252333231,5,10
2017-10-22,69,71.03581977274565,5,10
2017-10-23,36,48.9897711647279,5,10
2017-10-24,60,56.69298253940435,5,10
2017-10-25,57,57.52304953516157,5,10
2017-10-26,65,61.48890967583017,5,10
2017-10-27,63,65.75582818129078,5,10
2017-10-28,61,69.2787342844081,5,10
2017-10-29,72,73.0280652345743,5,10
2017-10-30,62,51.18741677852121,5,10
2017-10-31,61,59.06358908516113,5,10
2017-11-01,58,60.030073230352116,5,10
2017-11-02,77,64.0921847040008,5,10
2017-11-03,79,68.4121330852193,5,10
2017-11-04,84,71.94243263070304,5,10
2017-11-05,93,75.65180910760817,5,10
2017-11-06,48,53.72290005174013,5,10
2017-11-07,60,61.46233608889014,5,10
2017-11-08,54,62.24424742260113,5,10
2017-11-09,66,66.07540128154969,5,10
2017-11-10,92,70.12025916870493,5,10
2017-11-11,88,73.3343587257773,5,10
2017-11-12,81,76.69017599030926,5,10
2017-11-13,50,54.37476603777964,5,10
2017-11-14,50,61.69977080861514,5,10
2017-11-15,55,62.04483970886688,5,10
2017-11-16,58,65.42267055230216,5,10
2017-11-17,65,69.00396170805088,5,10
2017-11-18,80,71.750682488869,5,10
2017-11-19,73,74.64181992560063,5,10
2017-11-20,46,51.87090237951576,5,10
2017-11-21,60,58.75589128208354,5,10
2017-11-22,65,58.682489054046805,5,10
2017-11-23,63,61.66907314829396,5,10
2017-11-24,82,64.89154931459943,5,10
2017-11-25,63,67.31653316168189,5,10
2017-11-26,79,69.92701995991249,5,10
2017-11-27,55,46.919844651236204,5,10
2017-11-28,60,53.61552455492898,5,10
2017-11-29,56,53.401533677206615,5,10
2017-11-30,84,56.29721906702471,5,10
2017-12-01,61,59.47865244654564,5,10
2017-12-02,52,61.91182595711091,5,10
2017-12-03,54,64.57835137493066,5,10
2017-12-04,33,41.67296383669813,5,10
2017-12-05,37,48.51342133161046,5,10
2017-12-06,32,48.48384735872447,5,10
2017-12-07,43,51.59972545311351,5,10
2017-12-08,55,55.032836882545624,5,10
2017-12-09,58,57.74454829249441,5,10
2017-12-10,40,60.71160650775321,5,10
2017-12-11,50,38.12373935573169,5,10
2017-12-12,44,45.293651615577346,5,10
2017-12-13,49,45.60046141786363,5,10
2017-12-14,41,49.05478384816995,5,10
2017-12-15,48,52.82375127652769,5,10
2017-12-16,38,55.86437562111338,5,10
2017-12-17,58,59.149408426218265,5,10
2017-12-18,32,36.86499656206907,5,10
2017-12-19,47,44.320721878797094,5,10
2017-12-20,45,44.89306966595039,5,10
2017-12-21,47,48.59053249786107,5,10
2017-12-22,59,52.57863910731921,5,10
2017-12-23,49,55.81331389872127,5,10
2017-12-24,61,59.266723644011435,5,10
2017-12-25,43,37.12491006554909,5,10
2017-12-26,47,44.697797737070275,5,10
2017-12-27,53,45.36262341797524,5,10
2017-12-28,42,49.128994787821256,5,10
2017-12-29,49,53.163869694494934,5,10
2017-12-30,53,56.42486303408171,5,10
2017-12-31,50,59.88603931085568,5,10
2017-10-03,84,96.9848054385268,10,25
2017-10-04,79,97.0007742331246,10,25
2017-10-05,84,101.97704408507795,10,25
2017-10-06,110,108.46689976310572,10,25
2017-10-07,110,113.56922326545036,10,25
2017-10-08,141,120.13419205082884,10,25
2017-10-09,82,82.5494640224887,10,25
2017-10-10,115,94.69526359437597,10,25
2017-10-11,80,94.55135370329204,10,25
2017-10-12,107,99.39957068609753,10,25
2017-10-13,110,105.80106233938011,10,25
2017-10-14,97,110.86188853325913,10,25
2017-10-15,110,117.438483020041,10,25
2017-10-16,71,79.92361964231361,10,25
2017-10-17,92,92.20130371346171,10,25
2017-10-18,78,92.25357934605577,10,25
2017-10-19,92,97.36293485450855,10,25
2017-10-20,122,104.08945090493891,10,25
2017-10-21,116,109.5363541508916,10,25
2017-10-22,128,116.55547727344982,10,25
2017-10-23,79,79.5332697378422,10,25
2017-10-24,91,92.34577993259217,10,25
2017-10-25,111,92.96559812956535,10,25
2017-10-26,84,98.66443984533821,10,25
2017-10-27,124,105.99051057076336,10,25
2017-10-28,116,112.03430982803704,10,25
2017-10-29,121,119.63436973108003,10,25
2017-10-30,67,83.16356579993487,10,25
2017-10-31,79,96.4844134736128,10,25
2017-11-01,108,97.55633206542936,10,25
2017-11-02,114,103.63854776768359,10,25
2017-11-03,117,111.2677686268008,10,25
2017-11-04,118,117.52428154288185,10,25
2017-11-05,126,125.23795890680435,10,25
2017-11-06,90,88.77480560998511,10,25
2017-11-07,97,101.99245358882062,10,25
2017-11-08,106,102.84758026720134,10,25
2017-11-09,102,108.5989181701296,10,25
2017-11-10,111,115.78498546658471,10,25
2017-11-11,134,121.49018558618083,10,25
2017-11-12,122,128.5507629316121,10,25
2017-11-13,80,91.34124616524967,10,25
2017-11-14,108,103.72978830156968,10,25
2017-11-15,112,103.68538331670194,10,25
2017-11-16,94,108.48063109381002,10,25
2017-11-17,120,114.66918609412758,10,25
2017-11-18,121,119.35154447520151,10,25
2017-11-19,116,125.38066403524427,10,25
2017-11-20,82,87.14805641409313,10,25
2017-11-21,112,98.53876912469262,10,25
2017-11-22,108,97.53824565062648,10,25
2017-11-23,91,101.43474391569227,10,25
2017-11-24,109,106.79645674932256,10,25
2017-11-25,115,110.73699684384309,10,25
2017-11-26,126,116.12074769732361,10,25
2017-11-27,87,77.34872624993147,10,25
2017-11-28,112,88.31338007148473,10,25
2017-11-29,99,87.00531149246513,10,25
2017-11-30,119,90.71561191539213,10,25
2017-12-01,61,96.01295156398493,10,25
2017-12-02,88,100.00908746921333,10,25
2017-12-03,93,105.56429015826961,10,25
2017-12-04,46,67.07333242680829,10,25
2017-12-05,78,78.42045949959297,10,25
2017-12-06,76,77.5863282840817,10,25
2017-12-07,62,81.85059326927282,10,25
2017-12-08,84,87.76927779242243,10,25
2017-12-09,65,92.44058626439616,10,25
2017-12-10,92,98.71065012983415,10,25
2017-12-11,65,60.95984297254323,10,25
2017-12-12,60,73.05807602605744,10,25
2017-12-13,61,72.97205388650963,10,25
2017-12-14,86,77.96816040755763,10,25
2017-12-15,86,84.59010645614879,10,25
2017-12-16,82,89.92498878103767,10,25
2017-12-17,99,96.80924728778075,10,25
2017-12-18,66,59.61515164114807,10,25
2017-12-19,82,72.20622505552936,10,25
2017-12-20,69,72.54458283830675,10,25
2017-12-21,78,77.8938546411705,10,25
2017-12-22,67,84.79682228739686,10,25
2017-12-23,86,90.3414238098435,10,25
2017-12-24,82,97.36661351231292,10,25
2017-12-25,74,60.24871254443772,10,25
2017-12-26,56,72.85666236077545,10,25
2017-12-27,65,73.15916394354491,10,25
2017-12-28,72,78.427377704434,10,25
2017-12-29,93,85.21232237615772,10,25
2017-12-30,73,90.61063026388393,10,25
2017-12-31,97,97.47015552014058,10,25
